,County Code,Site Number,Latitude,Longitude,Elevation,Land Use,Location Setting,POC,x,y
1_7_1,1,7,37.68769933244014,-121.78399830656802,137.0,COMMERCIAL,URBAN AND CENTER CITY,1,-2232256.490767328,173935.28382579092
1_7_3,1,7,37.68745491369779,-121.78424181115014,137.0,COMMERCIAL,URBAN AND CENTER CITY,3,-2232284.558588707,173915.35643947657
1_9_1,1,9,37.74300281593966,-122.16992358055631,11.0,RESIDENTIAL,URBAN AND CENTER CITY,1,-2263012.0847837715,189339.20631313097
1_9_3,1,9,37.743041861709045,-122.16992194402329,11.0,RESIDENTIAL,URBAN AND CENTER CITY,3,-2263010.722733049,189343.2992818894
1_11_1,1,11,37.81462762988609,-122.28241249637372,0.0,RESIDENTIAL,URBAN AND CENTER CITY,1,-2270211.7807562496,199726.31309540157
1_11_3,1,11,37.81463835103263,-122.28224841955321,0.0,RESIDENTIAL,URBAN AND CENTER CITY,3,-2270197.6679651197,199723.3487484497
1_12_1,1,12,37.79349506470542,-122.2634266287055,3.9,COMMERCIAL,URBAN AND CENTER CITY,1,-2269282.7658038177,197015.6133029767
1_12_3,1,12,37.79342702053179,-122.26328756999646,3.9,COMMERCIAL,URBAN AND CENTER CITY,3,-2269273.22811527,197004.93931004626
1_13_1,1,13,37.86470768938264,-122.30287996436704,2.7,COMMERCIAL,URBAN AND CENTER CITY,1,-2270351.8601462147,205537.3164042962
1_13_3,1,13,37.86483202794546,-122.30264208214557,2.7,COMMERCIAL,URBAN AND CENTER CITY,3,-2270327.985441567,205544.5308047914
1_15_1,1,15,37.70117287234649,-121.90311185116664,101.0,RESIDENTIAL,SUBURBAN,1,-2241870.2892285315,178295.4736856246
1_15_3,1,15,37.70108018873672,-121.90300915848583,101.0,RESIDENTIAL,SUBURBAN,3,-2241864.5211130907,178283.11937298704
1_2001_1,1,2001,37.65465135156503,-122.03172576416586,290.0,RESIDENTIAL,RURAL,1,-2254147.673730433,176548.58748175198
1_2005_1,1,2005,37.68960645671145,-121.63184809796698,526.0,AGRICULTURAL,RURAL,1,-2219377.7042646217,170410.81351815225
5_2_1,5,2,38.34256741063549,-120.76448431317912,377.0,COMMERCIAL,SUBURBAN,1,-2126773.538472747,219009.96715224616
5_2_2,5,2,38.34247751265558,-120.76432690228567,377.0,COMMERCIAL,SUBURBAN,2,-2126763.0277484353,218996.72417606774
5_1033_1,5,1033,38.69069680095243,-120.07274167867239,2366.162,FOREST,RURAL,1,-2058720.5853828203,240136.17346651843
7_2_1,7,2,39.757504778798015,-121.84320017085965,62.0,COMMERCIAL,SUBURBAN,1,-2173124.685369328,394743.8961205222
7_7_1,7,7,39.708499060419754,-121.61733568070366,0.0,COMMERCIAL,RURAL,1,-2156145.533064527,384167.529157003
7_7_2,7,7,39.708359016292164,-121.61735422345453,0.0,COMMERCIAL,RURAL,2,-2156151.3542528,384153.11456622713
7_8_1,7,8,39.761791351091205,-121.84053860576473,1.0,COMMERCIAL,SUBURBAN,1,-2172774.143559029,395134.6144506388
7_8_2,7,8,39.76155083695268,-121.84045442216501,1.0,COMMERCIAL,SUBURBAN,2,-2172774.7080675056,395107.1079071414
7_8_3,7,8,39.76182672592081,-121.84046375430731,1.0,COMMERCIAL,SUBURBAN,3,-2172766.924389692,395136.5743964067
7_2002_1,7,2002,39.77934859553117,-121.59136725579248,534.0,RESIDENTIAL,URBAN AND CENTER CITY,1,-2151843.629368776,391067.45311366365
7_4001_1,7,4001,39.32762035016184,-121.66865247377673,0.0,AGRICULTURAL,RURAL,1,-2172071.7712506484,344995.3998650162
7_4001_2,7,4001,39.32757817945409,-121.66881354102206,0.0,AGRICULTURAL,RURAL,2,-2172086.3341116724,344994.77788823727
9_1_1,9,1,38.20201671333977,-120.6802440560101,0.0,AGRICULTURAL,RURAL,1,-2123880.8538026786,202092.7731851018
9_1_2,9,1,38.20211015368603,-120.68014583095203,0.0,AGRICULTURAL,RURAL,2,-2123869.842310282,202100.41586221117
9_1_3,9,1,38.201802965112385,-120.68027248731079,0.0,AGRICULTURAL,RURAL,3,-2123889.570820134,202070.7033225547
11_7_1,11,7,39.02120556374533,-122.28177352418237,696.0,FOREST,RURAL,1,-2232165.5977103813,327393.38164881925
11_1002_1,11,1002,39.189219933171444,-121.99891720717481,17.0,COMMERCIAL,RURAL,1,-2203569.600704651,338278.5037231237
11_1002_2,11,1002,39.189156807464876,-121.99890339399467,17.0,COMMERCIAL,RURAL,2,-2203570.42905399,338271.48218031856
11_1002_3,11,1002,39.18907877364116,-121.9988909812354,17.0,COMMERCIAL,RURAL,3,-2203571.837373044,338262.91545259685
11_1002_6,11,1002,39.18915395823594,-121.9988235464577,17.0,COMMERCIAL,RURAL,6,-2203563.9359161397,338269.2441868424
13_2_1,13,2,37.93607049279074,-122.02615028337412,26.0,RESIDENTIAL,SUBURBAN,1,-2244900.1490555503,206217.36767512982
13_2_3,13,2,37.93601916173939,-122.02603573151885,26.0,RESIDENTIAL,SUBURBAN,3,-2244892.1410215204,206209.1011836734
13_6_1,13,6,37.948289321099566,-122.36484716453225,6.0,INDUSTRIAL,URBAN AND CENTER CITY,1,-2272909.8788889875,215929.97552297634
13_1001_1,13,1001,38.055109723768176,-122.23303441129556,76.0,INDUSTRIAL,SUBURBAN,1,-2258507.018240182,223947.16682490852
13_1002_1,13,1002,38.00631142330372,-121.64187621121955,-2.0,AGRICULTURAL,RURAL,1,-2210486.244874922,204241.31773865697
13_1004_1,13,1004,37.96039312521569,-122.35704435145958,20.0,COMMERCIAL,URBAN AND CENTER CITY,1,-2271873.977195767,217015.41686531465
13_1004_2,13,1004,37.96042588686643,-122.35648812625554,20.0,COMMERCIAL,URBAN AND CENTER CITY,2,-2271826.3502529147,217004.9774099114
13_1004_3,13,1004,37.960578607397196,-122.35665378649203,20.0,COMMERCIAL,URBAN AND CENTER CITY,3,-2271835.404577339,217025.2766148103
13_2001_1,13,2001,38.012928175731474,-122.13446148604136,8.0,RESIDENTIAL,URBAN AND CENTER CITY,1,-2251577.198474937,217035.82214324054
13_2007_1,13,2007,37.74349973981016,-121.93417900026458,119.0,RESIDENTIAL,SUBURBAN,1,-2243170.0082713496,183546.8881628996
15_6_1,15,6,41.76453094476983,-124.19981877436966,15.0,RESIDENTIAL,URBAN AND CENTER CITY,1,-2297447.058240867,664768.5961501265
15_7_1,15,7,41.75625548592185,-124.20344654303318,13.0,RESIDENTIAL,URBAN AND CENTER CITY,1,-2298012.543078016,663988.9083274665
15_2003_1,15,2003,41.51368787660406,-123.99620110247909,13.0,RESIDENTIAL,RURAL,1,-2289798.696015044,633208.787113195
17_10_1,17,10,38.72517025747914,-120.82198662219017,585.0,RESIDENTIAL,SUBURBAN,1,-2120193.33958308,261032.77828899826
17_10_2,17,10,38.725302564969276,-120.82195224470537,585.0,RESIDENTIAL,SUBURBAN,2,-2120186.5360110486,261046.04225248948
17_11_2,17,11,38.94500247728718,-119.97054351758749,1905.0,COMMERCIAL,URBAN AND CENTER CITY,2,-2042864.0793105548,264931.73899112025
17_11_3,17,11,38.944913834316694,-119.97060123898977,1905.0,COMMERCIAL,URBAN AND CENTER CITY,3,-2042871.4356801128,264923.5881463778
17_11_5,17,11,38.94504345146275,-119.97076089044745,1905.0,COMMERCIAL,URBAN AND CENTER CITY,5,-2042880.9934891853,264940.9930141633
17_12_1,17,12,38.81157745722826,-120.03312383666812,2250.0,FOREST,RURAL,1,-2051923.2984550218,252121.3630240042
17_12_2,17,12,38.81171576120072,-120.03315901969682,2250.0,FOREST,RURAL,2,-2051922.2405630897,252136.89628088698
17_12_3,17,12,38.81155700729965,-120.03322426701698,2250.0,FOREST,RURAL,3,-2051932.262426489,252121.45141544635
17_20_1,17,20,38.89084820514427,-121.00335924406806,0.0,AGRICULTURAL,RURAL,1,-2130324.352021321,282883.4492060129
17_20_2,17,20,38.89099724435923,-121.00334756103906,0.0,AGRICULTURAL,RURAL,2,-2130318.9112629797,282899.01149272744
19_7_1,19,7,36.705470923342,-119.74124006974313,89.0,COMMERCIAL,SUBURBAN,1,-2087643.9962812755,20902.158245805513
19_7_2,19,7,36.70542352143453,-119.7412463228929,89.0,COMMERCIAL,SUBURBAN,2,-2087645.8859983115,20897.24355339081
19_7_3,19,7,36.705512780858705,-119.74141043526303,89.0,COMMERCIAL,SUBURBAN,3,-2087657.4404302249,20910.538745122005
19_8_1,19,8,36.78124897314214,-119.77308631561289,96.0,RESIDENTIAL,SUBURBAN,1,-2088215.3941722575,29719.733559849923
19_8_3,19,8,36.78142570163882,-119.77304325509567,96.0,RESIDENTIAL,SUBURBAN,3,-2088206.649801986,29737.60056427574
19_11_1,19,11,36.785603330569664,-119.77315736964309,96.0,COMMERCIAL,URBAN AND CENTER CITY,1,-2088097.100227344,30185.965005330956
19_11_2,19,11,36.78523344443283,-119.7731617022624,96.0,COMMERCIAL,URBAN AND CENTER CITY,2,-2088108.0386997026,30146.59870692505
19_11_3,19,11,36.78540593862462,-119.77324848332991,96.0,COMMERCIAL,URBAN AND CENTER CITY,3,-2088110.5586940313,30166.997429847437
19_11_4,19,11,36.78552500996574,-119.7731317011414,96.0,COMMERCIAL,URBAN AND CENTER CITY,4,-2088097.1347263977,30177.018599799983
19_242_1,19,242,36.84156907746201,-119.87474811390166,65.0,RESIDENTIAL,SUBURBAN,1,-2095209.0048425798,38494.69805960619
19_500_1,19,500,36.985033004750434,-119.6583104159674,207.0,AGRICULTURAL,RURAL,1,-2072569.1350491724,48837.98097938848
19_2008_1,19,2008,36.198740437315664,-120.10129459703538,113.08,RESIDENTIAL,RURAL,1,-2133238.53589978,-24789.621662084763
19_2009_1,19,2009,36.63411432268428,-120.38246246745236,58.83,AGRICULTURAL,RURAL,1,-2144777.222868464,28226.983867086532
19_2009_3,19,2009,36.63416749333588,-120.38247475169132,58.83,AGRICULTURAL,RURAL,3,-2144776.7203101255,28232.937112020092
19_2016_1,19,2016,36.710867677203005,-119.7775110462398,87.0,INDUSTRIAL,URBAN AND CENTER CITY,1,-2090606.15394188,22311.865932439683
19_2016_3,19,2016,36.71090571465903,-119.77761321822425,87.0,INDUSTRIAL,URBAN AND CENTER CITY,3,-2090613.8444595386,22318.275058244046
19_4001_1,19,4001,36.59760868155041,-119.50365471938365,78.0,,,1,-2070270.1311512862,3952.2893810655596
19_5001_1,19,5001,36.81941125117778,-119.71650066341745,86.0,RESIDENTIAL,URBAN AND CENTER CITY,1,-2082270.7989550515,32493.41164670065
19_5001_3,19,5001,36.8194592019087,-119.71640589162939,86.0,RESIDENTIAL,URBAN AND CENTER CITY,3,-2082261.301318071,32496.357048036236
19_5025_3,19,5025,36.72636780050422,-119.73306279888999,100.0,RESIDENTIAL,URBAN AND CENTER CITY,3,-2086345.3632881197,22944.319651652095
21_3_1,21,3,39.533699331244776,-122.1907156319354,1.0,AGRICULTURAL,SUBURBAN,1,-2208563.47251621,379413.779021902
21_3_2,21,3,39.53402875490059,-122.19093521640625,1.0,AGRICULTURAL,SUBURBAN,2,-2208571.1342816884,379453.99124522746
21_3_3,21,3,39.53377988911758,-122.19066676698333,1.0,AGRICULTURAL,SUBURBAN,3,-2208556.9382585436,379421.1199623599
23_6_1,23,6,41.04700838112211,-123.6752005207204,1.0,FOREST,SUBURBAN,1,-2279833.8660630938,575954.7026233039
23_1002_2,23,1002,40.801805951890984,-124.16213294159756,17.0,COMMERCIAL,URBAN AND CENTER CITY,2,-2326928.9882589555,562469.9282424051
23_1004_1,23,1004,40.77691999891554,-124.17951620429074,21.0,RESIDENTIAL,SUBURBAN,1,-2329158.048899679,560296.6159595428
23_1005_1,23,1005,40.71516397295987,-124.2014446898337,172.0,RESIDENTIAL,RURAL,1,-2332995.700910105,554361.4407284269
23_2002_1,23,2002,41.191972729869306,-123.69027363189961,100.0,RESIDENTIAL,RURAL,1,-2276230.2045076545,591616.3402703182
25_5_1,25,5,32.67614234769249,-115.4831496303665,1.0,RESIDENTIAL,SUBURBAN,1,-1814489.8209103001,-504023.3798328386
25_5_2,25,5,32.67623498713597,-115.48302838982077,1.0,RESIDENTIAL,SUBURBAN,2,-1814476.5160927798,-504015.75633127906
25_5_3,25,5,32.67618674549736,-115.48311954164068,1.0,RESIDENTIAL,SUBURBAN,3,-1814486.0136101246,-504019.16684190097
25_5_4,25,5,32.67632793003524,-115.48292933166316,1.0,RESIDENTIAL,SUBURBAN,4,-1814465.2382537276,-504007.6569977156
25_7_1,25,7,32.97828314336097,-115.53913830350903,0.0,COMMERCIAL,URBAN AND CENTER CITY,1,-1812472.1511129346,-470157.3666425003
25_7_3,25,7,32.97829254266951,-115.53918372189065,0.0,COMMERCIAL,URBAN AND CENTER CITY,3,-1812476.0766263609,-470155.4423201246
25_10_1,25,10,33.37906936378899,-116.01603090662266,-67.0,DESERT,RURAL,1,-1846291.6003056897,-417168.71479349385
25_1003_1,25,1003,32.792221690743325,-115.5631397585648,0.0,COMMERCIAL,URBAN AND CENTER CITY,1,-1819072.9282169235,-489840.8895587414
25_1003_2,25,1003,32.79245184492877,-115.56305290042908,0.0,COMMERCIAL,URBAN AND CENTER CITY,2,-1819059.522411802,-489817.6837673981
25_1003_3,25,1003,32.79239418537655,-115.56302365512796,0.0,COMMERCIAL,URBAN AND CENTER CITY,3,-1819058.2116780253,-489824.5184127295
25_1003_4,25,1003,32.792209045720476,-115.56307587342732,0.0,COMMERCIAL,URBAN AND CENTER CITY,4,-1819067.3796050372,-489843.5388654388
25_4003_1,25,4003,33.032340530109195,-115.62356284796896,0.0,AGRICULTURAL,RURAL,1,-1818897.056967825,-462614.03284252604
25_4003_3,25,4003,33.03231688883888,-115.6235879439476,0.0,AGRICULTURAL,RURAL,3,-1818899.9085956824,-462616.0914260308
25_4004_1,25,4004,33.2135749379473,-115.54539917467916,0.0,DESERT,RURAL,1,-1807475.411387002,-444542.7283827856
25_4004_3,25,4004,33.213665083237586,-115.54551022121596,0.0,DESERT,RURAL,3,-1807483.388620697,-444530.75582749693
27_2_1,27,2,37.360526347076345,-118.33069363935537,1257.0,AGRICULTURAL,RURAL,1,-1948598.911037006,59612.54997648223
27_2_4,27,2,37.36076982626271,-118.33084099694534,1257.0,AGRICULTURAL,RURAL,4,-1948604.9690142055,59641.78893951226
27_4_4,27,4,36.60903278093368,-118.0579711625227,1128.0,RESIDENTIAL,SUBURBAN,4,-1945222.2776812946,-26766.328705727476
27_19_1,27,19,36.60760836098375,-118.04765802369137,0.0,DESERT,RURAL,1,-1944368.5170608547,-27139.77962148828
27_20_1,27,20,36.05715788685508,-117.86146063748227,0.0,DESERT,RURAL,1,-1942757.1424699838,-90172.47305126222
27_21_1,27,21,36.26751049133951,-117.99303228396391,1121.4,DESERT,RURAL,1,-1948650.4705201078,-64785.306440633285
27_21_2,27,21,36.26752110117658,-117.99291281198217,1121.4,DESERT,RURAL,2,-1948639.8114698972,-64786.73020839453
27_22_1,27,22,36.326138433314895,-117.95508373321431,0.0,DESERT,RURAL,1,-1943804.0348417885,-59308.85126085299
27_22_2,27,22,36.32610526468712,-117.95508647967691,0.0,DESERT,RURAL,2,-1943805.1500372859,-59312.35072302789
27_23_1,27,23,36.28080893267965,-118.01148668839949,1119.0,DESERT,RURAL,1,-1949901.0671395788,-62962.979499334266
27_25_1,27,25,36.36637550547644,-117.89746965135565,1104.0,DESERT,RURAL,1,-1937741.505091552,-56222.53237038485
27_25_2,27,25,36.36637209937535,-117.89770185252301,1104.0,DESERT,RURAL,2,-1937761.7434905292,-56217.946475984485
27_26_1,27,26,36.36189612255546,-118.0106681109827,1104.0,DESERT,RURAL,1,-1947681.175803114,-54283.09077895635
27_28_1,27,28,36.54315224788577,-117.94176072184673,1098.0,DESERT,RURAL,1,-1936914.7189959937,-36314.05602403297
27_29_1,27,29,36.54242339082618,-117.99020497430854,1612.0,DESERT,RURAL,1,-1941126.7381509715,-35358.55590288593
27_30_1,27,30,36.45818034195482,-117.85205030507964,1103.0,DESERT,RURAL,1,-1931384.6429339934,-47339.35157838256
27_31_1,27,31,36.60720238801775,-118.0548293974469,1612.0,RESIDENTIAL,RURAL,1,-1944999.269143833,-27029.84635787289
27_101_1,27,101,36.508528105330214,-116.84791617573055,125.0,DESERT,RURAL,1,-1842970.884893323,-62782.9533636126
27_1001_1,27,1001,36.04939598010128,-117.94390623004777,1027.0,,,1,-1950146.2427442132,-89239.4983421492
27_1001_4,27,1001,36.04947684702069,-117.94392568103447,1027.0,,,4,-1950145.800618974,-89230.4038874276
27_1003_1,27,1003,36.48803802435182,-117.87093587116622,1097.0,RESIDENTIAL,RURAL,1,-1932235.2727594182,-43734.34412486134
27_1003_3,27,1003,36.4878181226189,-117.87119357628076,1097.0,RESIDENTIAL,RURAL,3,-1932263.3895229832,-43752.457771589194
27_1003_4,27,1003,36.4877417355189,-117.87087736510564,1097.0,RESIDENTIAL,RURAL,4,-1932238.0060021135,-43767.376909007246
27_1003_6,27,1003,36.48784814104664,-117.87109058636365,1097.0,RESIDENTIAL,RURAL,6,-1932253.6765398043,-43751.42697862357
27_1003_7,27,1003,36.48788184690201,-117.87110110146304,1097.0,RESIDENTIAL,RURAL,7,-1932253.699960621,-43747.587102209574
27_1018_1,27,1018,36.59558065249515,-118.04913768886256,1128.0,DESERT,RURAL,1,-1944815.660960263,-28397.860012622317
27_1018_4,27,1018,36.595601471380085,-118.04924262756043,1128.0,DESERT,RURAL,4,-1944824.1820346934,-28393.381759628388
27_1023_1,27,1023,37.361899557672096,-118.41744599294904,1288.55,RESIDENTIAL,RURAL,1,-1955978.1018949645,61623.35707149597
27_1023_4,27,1023,37.36205102087532,-118.41773024784575,1288.55,RESIDENTIAL,RURAL,4,-1955998.314324759,61645.69482463386
27_1028_1,27,1028,36.83484122187149,-118.22667667134755,1201.04,DESERT,RURAL,1,-1953763.1660597746,1058.7257197311546
27_1033_1,27,1033,37.1556090110757,-118.29352385494214,1236.0,RESIDENTIAL,RURAL,1,-1950916.8344860496,36864.27927824073
27_1033_2,27,1033,37.15555315430884,-118.29353695779109,1236.0,RESIDENTIAL,RURAL,2,-1950919.4562005436,36858.57664640061
29_7_1,29,7,35.345597850023594,-118.85200655618586,425.0,AGRICULTURAL,RURAL,1,-2048533.1390537438,-144706.1676140953
29_7_2,29,7,35.34566625753923,-118.85189732088834,425.0,AGRICULTURAL,RURAL,2,-2048521.6720037635,-144701.3040116796
29_8_1,29,8,35.051369523550306,-119.40263901353185,289.0,RESIDENTIAL,SUBURBAN,1,-2105098.0928264703,-163612.16582168473
29_10_1,29,10,35.38566547845039,-119.01497940683386,151.0,COMMERCIAL,URBAN AND CENTER CITY,1,-2061719.969785438,-136730.5855909213
29_10_3,29,10,35.38570024576697,-119.01506295613969,151.0,COMMERCIAL,URBAN AND CENTER CITY,3,-2061726.3303545762,-136724.96854025812
29_10_4,29,10,35.385529114181956,-119.01501486988911,151.0,COMMERCIAL,URBAN AND CENTER CITY,4,-2061726.8562780153,-136744.37751462744
29_11_1,29,11,35.05071635380002,-118.14720450475906,853.0,MOBILE,RURAL,1,-1994497.7708068052,-192000.7612373583
29_11_2,29,11,35.05055836702432,-118.14738850143799,853.0,MOBILE,RURAL,2,-1994518.2281412731,-192013.6804336477
29_11_3,29,11,35.05058938949255,-118.14747354816451,853.0,MOBILE,RURAL,3,-1994524.9069278839,-192008.48400664376
29_14_1,29,14,35.35660010657602,-119.0627584763752,0.0,MOBILE,URBAN AND CENTER CITY,1,-2066714.7867876322,-138756.27977281265
29_14_2,29,14,35.356711180403245,-119.06260079896799,0.0,MOBILE,URBAN AND CENTER CITY,2,-2066697.8780418884,-138747.97765253278
29_14_6,29,14,35.35646506023478,-119.06263614830583,0.0,MOBILE,URBAN AND CENTER CITY,6,-2066707.8100446407,-138773.51568202424
29_14_7,29,14,35.356565192311635,-119.0626062849601,0.0,MOBILE,URBAN AND CENTER CITY,7,-2066702.4118373767,-138763.4778266821
29_15_1,29,15,35.62115494103494,-117.67305704736054,701.0,COMMERCIAL,URBAN AND CENTER CITY,1,-1937718.6210018178,-141008.25523435234
29_17_1,29,17,35.727814150258865,-118.13766681286023,914.4,DESERT,RURAL,1,-1975597.9782605004,-119555.28915551375
29_17_2,29,17,35.72757769126526,-118.1378258821925,914.4,DESERT,RURAL,2,-1975618.1963078475,-119577.19608710447
29_18_1,29,18,35.642963934064525,-117.71503073660203,717.0,DESERT,URBAN AND CENTER CITY,1,-1940829.1039866884,-137770.062200332
29_18_2,29,18,35.64275936728204,-117.71500280144066,717.0,DESERT,URBAN AND CENTER CITY,2,-1940832.0072431238,-137792.62953560936
29_19_1,29,19,35.04648447096585,-118.16273185944581,853.0,MOBILE,RURAL,1,-1995981.3089257355,-192114.06324193967
29_19_2,29,19,35.04648547581713,-118.16287818782426,853.0,MOBILE,RURAL,2,-1995994.1981343033,-192110.74138678925
29_19_3,29,19,35.04667506411114,-118.16266940477936,853.0,MOBILE,RURAL,3,-1995970.7058566147,-192094.97840806574
29_232_1,29,232,35.438019342995645,-119.01676971228267,180.0,INDUSTRIAL,SUBURBAN,1,-2060426.4071299972,-131086.1470777396
29_232_2,29,232,35.437862303962206,-119.01659116079676,180.0,INDUSTRIAL,SUBURBAN,2,-2060415.117459691,-131107.00408241097
29_232_3,29,232,35.43803490728347,-119.01688668874125,180.0,INDUSTRIAL,SUBURBAN,3,-2060436.222587257,-131081.82889556425
29_2009_1,29,2009,34.84142600547979,-118.86050338518397,1063.14,AGRICULTURAL,RURAL,1,-2063158.596025547,-198520.57006655616
29_2012_1,29,2012,35.331494052093426,-118.99992572319653,145.0,COMMERCIAL,URBAN AND CENTER CITY,1,-2061900.217361713,-142870.94056544427
29_2019_1,29,2019,35.37702084553103,-119.04402547713426,87.0,INDUSTRIAL,URBAN AND CENTER CITY,1,-2064505.7772888949,-136996.44443910915
29_5002_1,29,5002,35.2392086889427,-118.78867491073136,145.0,AGRICULTURAL,RURAL,1,-2045894.86648614,-157528.14450933886
29_5002_2,29,5002,35.23923146575545,-118.78871367678381,145.0,AGRICULTURAL,RURAL,2,-2045897.648488785,-157524.83180401166
29_5002_3,29,5002,35.23924874825797,-118.78850330145129,145.0,AGRICULTURAL,RURAL,3,-2045878.6849887618,-157527.71670302097
29_6001_1,29,6001,35.50357313803374,-119.27263821159255,126.0,COMMERCIAL,SUBURBAN,1,-2080995.405887062,-118242.00234859972
31_4_1,31,4,36.10228191648062,-119.56571227568325,61.0,RESIDENTIAL,SUBURBAN,1,-2089646.4847819952,-47527.892222928014
31_4_7,31,4,36.10224853753066,-119.56544742912487,61.0,RESIDENTIAL,SUBURBAN,7,-2089624.474603671,-47537.54744913766
31_4_8,31,4,36.10211536870629,-119.5657812214723,61.0,RESIDENTIAL,SUBURBAN,8,-2089657.1800107108,-47544.095354298035
31_500_1,31,500,36.23334986613769,-119.76612949319855,68.0,AGRICULTURAL,RURAL,1,-2103268.26750345,-28909.994631559122
31_500_2,31,500,36.23325494088629,-119.76630180106179,68.0,AGRICULTURAL,RURAL,2,-2103285.879130961,-28916.13840702643
31_1004_1,31,1004,36.315606098248736,-119.64345996170502,99.0,RESIDENTIAL,SUBURBAN,1,-2090320.902755507,-22959.473248517697
31_1004_3,31,1004,36.31546977614934,-119.64334988318626,99.0,RESIDENTIAL,SUBURBAN,3,-2090315.265934838,-22976.560081989337
33_3001_1,33,3001,39.03288793382793,-122.92227792641215,421.0,MOBILE,SUBURBAN,1,-2284607.2877741694,344546.12945323146
33_3001_2,33,3001,39.03262628133651,-122.9222690045289,421.0,MOBILE,SUBURBAN,2,-2284614.986939032,344518.2746519408
33_3002_1,33,3002,39.01885366542025,-122.91323525249851,409.0,MOBILE,SUBURBAN,1,-2284314.73004681,342836.7683867542
33_3010_1,33,3010,38.774654331106994,-122.69969043969706,435.0,FOREST,RURAL,1,-2274524.529005877,311683.34078162635
33_3011_1,33,3011,38.84841288070472,-122.75787065122027,736.0,FOREST,RURAL,1,-2276973.600376289,320934.0785700897
33_3012_1,33,3012,38.850378131312596,-122.7363285712299,978.0,FOREST,RURAL,1,-2275130.7689901246,320602.17833528266
37_2_1,37,2,34.13639402745968,-117.92380459826873,183.0,RESIDENTIAL,SUBURBAN,1,-1998946.9229759884,-295128.5906612624
37_2_2,37,2,34.13665576546567,-117.92382059955361,183.0,RESIDENTIAL,SUBURBAN,2,-1998941.4295823264,-295100.0980313966
37_16_1,37,16,34.14420100843669,-117.85036928550157,275.0,RESIDENTIAL,SUBURBAN,1,-1992175.2254844375,-295901.7589475993
37_16_2,37,16,34.144432128881164,-117.85043552283977,275.0,RESIDENTIAL,SUBURBAN,2,-1992175.0538913563,-295875.45336994465
37_16_3,37,16,34.14443781713468,-117.85024171301939,275.0,RESIDENTIAL,SUBURBAN,3,-1992157.5754936503,-295879.0904352222
37_113_1,37,113,34.05104639687011,-118.45621501457552,91.0,MOBILE,URBAN AND CENTER CITY,1,-2048822.0558506814,-292441.09523123776
37_1002_1,37,1002,34.17613549772303,-118.31707348656577,168.0,COMMERCIAL,URBAN AND CENTER CITY,1,-2033017.027698476,-282133.7619686265
37_1002_2,37,1002,34.17586395128152,-118.3170807922106,168.0,COMMERCIAL,URBAN AND CENTER CITY,2,-2033024.9890870547,-282162.7608888659
37_1002_3,37,1002,34.17608220290863,-118.31713717475478,168.0,COMMERCIAL,URBAN AND CENTER CITY,3,-2033024.1469448786,-282138.06066972716
37_1103_1,37,1103,34.06658605931843,-118.22695668785767,87.0,RESIDENTIAL,URBAN AND CENTER CITY,1,-2027909.6842668226,-295914.5099585839
37_1103_2,37,1103,34.066521224974025,-118.22686897708395,87.0,RESIDENTIAL,URBAN AND CENTER CITY,2,-2027903.580562757,-295923.4327864662
37_1103_3,37,1103,34.06647457350628,-118.22675829119568,87.0,RESIDENTIAL,URBAN AND CENTER CITY,3,-2027894.9350761527,-295930.9148225612
37_1103_9,37,1103,34.06656920597675,-118.22681865195086,87.0,RESIDENTIAL,URBAN AND CENTER CITY,9,-2027897.7944138336,-295919.4009509437
37_1201_1,37,1201,34.19937833754527,-118.53273208326029,226.0,COMMERCIAL,SUBURBAN,1,-2051629.026813906,-274791.65114736
37_1201_2,37,1201,34.19940673662484,-118.53284385691485,226.0,COMMERCIAL,SUBURBAN,2,-2051638.2228491665,-274786.07970527175
37_1302_1,37,1302,33.90137166301495,-118.20498104331938,27.0,RESIDENTIAL,URBAN AND CENTER CITY,1,-2030371.137012687,-314157.58492728154
37_1602_1,37,1602,34.01040314834756,-118.06852827798649,75.0,COMMERCIAL,SUBURBAN,1,-2015237.6084303295,-305476.4660153119
37_1701_1,37,1701,34.067084060737315,-117.75156639714007,270.0,COMMERCIAL,SUBURBAN,1,-1985364.5031974278,-306358.3300533094
37_1701_2,37,1701,34.067189229803645,-117.75150670281053,270.0,COMMERCIAL,SUBURBAN,2,-1985356.3981680898,-306348.32073360385
37_2005_1,37,2005,34.13266540816035,-118.12729151159895,250.0,RESIDENTIAL,URBAN AND CENTER CITY,1,-2017233.394799299,-291032.80886874336
37_2005_2,37,2005,34.13254949141197,-118.12713769028652,250.0,RESIDENTIAL,URBAN AND CENTER CITY,2,-2017222.7442393182,-291048.6793112893
37_4002_1,37,4002,33.823769666287625,-118.18912056727807,6.0,RESIDENTIAL,SUBURBAN,1,-2031027.8034538378,-322852.1860327319
37_4002_2,37,4002,33.82386433914497,-118.18917473878145,6.0,RESIDENTIAL,SUBURBAN,2,-2031030.1277607568,-322840.7996936312
37_4002_5,37,4002,33.82386940008895,-118.18912976776312,6.0,RESIDENTIAL,SUBURBAN,5,-2031025.958060374,-322841.2608324986
37_4004_1,37,4004,33.79237507666292,-118.1753623625958,6.0,COMMERCIAL,SUBURBAN,1,-2030633.7945893751,-326534.13568441116
37_4004_2,37,4004,33.79224248667354,-118.1752467191354,6.0,COMMERCIAL,SUBURBAN,2,-2030626.9645187675,-326550.97197507124
37_4004_3,37,4004,33.79241551335296,-118.17546284238298,6.0,COMMERCIAL,SUBURBAN,3,-2030641.7300899166,-326527.54383995035
37_4006_1,37,4006,33.80250444411674,-118.21993654538238,10.0,INDUSTRIAL,URBAN AND CENTER CITY,1,-2034362.3086320045,-324448.44838434545
37_4006_3,37,4006,33.80245816016116,-118.22007940031675,10.0,INDUSTRIAL,URBAN AND CENTER CITY,3,-2034376.3672685237,-324450.22474597837
37_4008_1,37,4008,33.859432735232694,-118.20079487099275,12.0,INDUSTRIAL,SUBURBAN,1,-2031119.567851218,-318758.284274428
37_4008_3,37,4008,33.859764420577626,-118.20051785896923,12.0,INDUSTRIAL,SUBURBAN,3,-2031085.8445081208,-318728.82843552215
37_4009_1,37,4009,33.79357382252408,-118.17094881849447,8.0,COMMERCIAL,URBAN AND CENTER CITY,1,-2030205.6145931273,-326503.89392167534
37_4009_3,37,4009,33.793713392736464,-118.1708522323739,8.0,COMMERCIAL,URBAN AND CENTER CITY,3,-2030193.2116960422,-326491.04909505445
37_4010_1,37,4010,34.18221324143499,-118.36297923997617,198.0,INDUSTRIAL,SUBURBAN,1,-2036950.3056049426,-280453.1071763124
37_5005_1,37,5005,33.95518917273683,-118.43066028078135,21.0,RESIDENTIAL,SUBURBAN,1,-2049131.7768538417,-303310.4714498888
37_6012_1,37,6012,34.38343883776039,-118.52835323856056,397.0,COMMERCIAL,SUBURBAN,1,-2046238.901580921,-255138.01967503194
37_9033_1,37,9033,34.66971348497933,-118.13044805572056,725.0,COMMERCIAL,URBAN AND CENTER CITY,1,-2003182.0205376751,-233273.6360799409
37_9033_2,37,9033,34.66981895196947,-118.13063038397115,725.0,COMMERCIAL,URBAN AND CENTER CITY,2,-2003195.3828233331,-233258.2913937577
39_4_1,39,4,36.867147546483714,-120.01019870155474,0.0,AGRICULTURAL,RURAL,1,-2106081.0389248817,44353.46603672764
39_4_3,39,4,36.86712018007622,-120.01027985224908,0.0,AGRICULTURAL,RURAL,3,-2106088.78009945,44352.4290218645
39_500_1,39,500,37.21353223990027,-119.69901858645683,632.5,COMMERCIAL,RURAL,1,-2069547.4527234298,74149.16505416295
39_2010_1,39,2010,36.953327578130946,-120.03419727811311,83.52,COMMERCIAL,SUBURBAN,1,-2105648.6365456134,54097.418099897004
39_2010_3,39,2010,36.953254188780384,-120.03415450933227,83.52,COMMERCIAL,SUBURBAN,3,-2105647.096164941,54088.603359718014
41_1_1,41,1,37.97224088542361,-122.51996486899581,3.0,COMMERCIAL,URBAN AND CENTER CITY,1,-2285141.066225757,222353.5093521149
41_1_3,41,1,37.97237624830238,-122.51996810454156,3.0,COMMERCIAL,URBAN AND CENTER CITY,3,-2285137.0371364737,222367.90428679818
41_3_1,41,3,38.12683098333445,-122.91489394923293,960.0,FOREST,RURAL,1,-2313195.94481643,248681.30725228353
43_3_1,43,3,37.71339618459154,-119.70620297954952,1599.0,FOREST,RURAL,1,-2055924.086193594,127642.48782706958
43_3_2,43,3,37.713100358980256,-119.70619452389181,1599.0,FOREST,RURAL,2,-2055931.7942782957,127610.73767207656
43_6_1,43,6,37.54363832589867,-119.83960912506473,0.0,FOREST,RURAL,1,-2072089.0400427172,112565.79700011964
43_6_2,43,6,37.543837765203854,-119.83968767489208,0.0,FOREST,RURAL,2,-2072089.9988285995,112588.85698267592
43_1001_1,43,1001,37.74867302399618,-119.58700884639033,1216.0,,,1,-2044821.057653898,128717.13345980771
43_1001_2,43,1001,37.74889977959434,-119.5871731289398,1216.0,,,2,-2044828.552536716,128745.02876528118
43_1001_3,43,1001,37.748735191754186,-119.58703442617056,1216.0,,,3,-2044821.4634726737,128724.34340251217
43_1004_1,43,1004,37.74766961870397,-119.5916729495449,1234.0,FOREST,RURAL,1,-2045244.7177356046,128715.01489449113
43_1005_1,43,1005,37.73083108482436,-119.57153375364265,1728.0,FOREST,RURAL,1,-2044015.0029425435,126464.90165226621
45_6_3,45,6,39.150614241256584,-123.20655070965745,0.0,COMMERCIAL,SUBURBAN,3,-2304175.706316599,364149.5461063283
45_8_1,45,8,39.1455617240461,-123.2029739376242,194.0,MOBILE,SUBURBAN,1,-2304046.3971038274,363525.8095306351
45_10_1,45,10,39.4373778910841,-123.78760801837727,48.5,RESIDENTIAL,SUBURBAN,1,-2342328.1456425693,409229.57772604335
45_2002_3,45,2002,39.411719140911956,-123.35274204682275,424.0,COMMERCIAL,URBAN AND CENTER CITY,3,-2307634.5235157213,395399.83209349687
45_2003_3,45,2003,39.398631289031485,-123.35845355631906,430.0,RESIDENTIAL,SUBURBAN,3,-2308530.2650080402,394164.7380257198
47_3_1,47,3,37.281854284931235,-120.43356415555878,86.0,AGRICULTURAL,RURAL,1,-2130159.188770112,98404.59610081864
47_3_3,47,3,37.28188100832535,-120.43353063550197,86.0,AGRICULTURAL,RURAL,3,-2130155.5532566463,98406.65542758684
47_2510_1,47,2510,37.30820866791864,-120.48029048916607,58.0,COMMERCIAL,URBAN AND CENTER CITY,1,-2133359.3894096487,102306.283736598
47_2510_3,47,2510,37.30831793147812,-120.48050798937788,58.0,COMMERCIAL,URBAN AND CENTER CITY,3,-2133374.6716729808,102323.02058552553
51_1_1,51,1,37.645768891870965,-118.96639877578022,2395.0,COMMERCIAL,URBAN AND CENTER CITY,1,-1995026.2190706166,103930.6241651825
51_1_5,51,1,37.64576550583374,-118.96665623458271,2395.0,COMMERCIAL,URBAN AND CENTER CITY,5,-1995048.1990759075,103935.9143759193
51_1_6,51,1,37.64572315368865,-118.96683260689872,2395.0,COMMERCIAL,URBAN AND CENTER CITY,6,-1995064.3617887667,103935.25857151902
51_5_2,51,5,37.962104057536735,-119.1203060101552,2067.0,,SUBURBAN,2,-1999316.1336184212,141124.0880643919
51_5_3,51,5,37.961914334690924,-119.12024937729271,2067.0,,SUBURBAN,3,-1999316.6146002067,141102.56896017384
51_5_4,51,5,37.96206416205007,-119.12038180636742,2067.0,,SUBURBAN,4,-1999323.6546674832,141121.49256292114
51_11_1,51,11,38.06959163630608,-118.94786517271986,1957.0,DESERT,RURAL,1,-1981758.8345569172,148835.37050821108
51_11_3,51,11,38.069865180937605,-118.94761037494426,1957.0,DESERT,RURAL,3,-1981729.7543599566,148859.05792025058
53_2_1,53,2,36.48183144871388,-121.73336674851012,131.0,RESIDENTIAL,SUBURBAN,1,-2265201.8209180953,44818.6992694921
53_2_3,53,2,36.48180813062481,-121.73358515233643,131.0,RESIDENTIAL,SUBURBAN,3,-2265221.2492193957,44821.669951419
53_8_1,53,8,36.209369820052906,-121.12626966931943,6.0,RESIDENTIAL,URBAN AND CENTER CITY,1,-2221365.1335104126,900.2569859749813
53_8_3,53,8,36.20932049246691,-121.12631279096537,6.0,RESIDENTIAL,URBAN AND CENTER CITY,3,-2221370.336046699,896.0676920729111
53_1003_1,53,1003,36.694376371238555,-121.62311974794426,21.6,RESIDENTIAL,URBAN AND CENTER CITY,1,-2249223.4510794776,64628.44585765079
53_1003_3,53,1003,36.69432665601258,-121.62330199424858,21.6,RESIDENTIAL,URBAN AND CENTER CITY,3,-2249240.5506162774,64627.68192485467
55_3_1,55,3,38.310928213086186,-122.29627380590526,13.0,COMMERCIAL,URBAN AND CENTER CITY,1,-2255739.4438156066,252590.70702333777
55_3_2,55,3,38.31106961935058,-122.2960965809084,13.0,COMMERCIAL,URBAN AND CENTER CITY,2,-2255720.21299029,252601.27089316494
55_3_3,55,3,38.3109614175708,-122.29627179749062,13.0,COMMERCIAL,URBAN AND CENTER CITY,3,-2255738.230281886,252594.17073540462
55_4_1,55,4,38.27893813725171,-122.2749872234043,10.0,RESIDENTIAL,SUBURBAN,1,-2254971.669432187,248677.222720987
55_4_3,55,4,38.27881949710344,-122.27502342894599,10.0,RESIDENTIAL,SUBURBAN,3,-2254978.4243376725,248665.56620563054
57_5_1,57,5,39.23343260654459,-121.05545955778213,853.0,RESIDENTIAL,SUBURBAN,1,-2124353.1188915833,320502.3916164253
57_5_3,57,5,39.23370049753902,-121.05553070733926,853.0,RESIDENTIAL,SUBURBAN,3,-2124350.94525842,320532.5166263836
57_7_1,57,7,39.31647356250476,-120.8456116795851,1302.0,FOREST,RURAL,1,-2104532.7050730246,324445.2367547683
57_7_2,57,7,39.31665137870597,-120.84556336193388,1302.0,FOREST,RURAL,2,-2104523.4134692326,324463.0223035049
59_7_1,59,7,33.83037647840377,-117.93861726447665,10.0,RESIDENTIAL,SUBURBAN,1,-2008373.4452333788,-327709.3380785943
59_7_3,59,7,33.83054462572172,-117.93840886994998,10.0,RESIDENTIAL,SUBURBAN,3,-2008350.2869677993,-327695.8587365473
59_7_5,59,7,33.83050062228706,-117.93849306990025,10.0,RESIDENTIAL,SUBURBAN,5,-2008359.0100070932,-327698.73064115224
59_8_1,59,8,33.81922352556332,-117.91863176212861,44.0,MOBILE,URBAN AND CENTER CITY,1,-2006874.5951943719,-329350.4543976044
59_1003_1,59,1003,33.67471362529503,-117.92565720731267,0.0,RESIDENTIAL,SUBURBAN,1,-2011330.4561384337,-344740.2883427236
59_2022_1,59,2022,33.630014488741764,-117.67580350055484,161.0,RESIDENTIAL,SUBURBAN,1,-1990019.3732873418,-355051.6266969596
59_2022_3,59,2022,33.63030811345826,-117.67602420710462,161.0,RESIDENTIAL,SUBURBAN,3,-1990031.5635912572,-355015.18165839236
59_5001_1,59,5001,33.925183614074136,-117.95249278252037,82.0,RESIDENTIAL,SUBURBAN,1,-2007106.8085041188,-317206.72079269536
59_5001_2,59,5001,33.9251254675611,-117.95273878098124,82.0,RESIDENTIAL,SUBURBAN,2,-2007130.4014173017,-317207.5403301953
61_3_1,61,3,38.935786832808226,-121.09959806686523,400.0,MOBILE,SUBURBAN,1,-2136961.839991801,289917.3054743773
61_4_1,61,4,39.10012915272568,-120.95380196748806,768.0,RESIDENTIAL,SUBURBAN,1,-2119943.199058717,303963.70506115514
61_6_1,61,6,38.74642810649684,-121.26506996100024,48.0,MOBILE,SUBURBAN,1,-2156424.2800612487,273717.19788365415
61_6_2,61,6,38.746160225082214,-121.2649450587641,48.0,MOBILE,SUBURBAN,2,-2156422.012699041,273685.7938576356
61_6_3,61,6,38.74644596152921,-121.2649872376909,48.0,MOBILE,SUBURBAN,3,-2156416.86129102,273717.1304915939
61_1004_1,61,1004,39.1660448797242,-120.14890585837504,1915.67,COMMERCIAL,URBAN AND CENTER CITY,1,-2051297.2498710633,292504.638743546
61_2001_1,61,2001,38.88991879386745,-121.30780532125655,112.0,RESIDENTIAL,SUBURBAN,1,-2155621.9363667555,289964.12877096655
61_2002_1,61,2002,38.88542803652098,-121.30305175626852,47.0,RESIDENTIAL,SUBURBAN,1,-2155363.843083,289374.66135067365
61_2003_1,61,2003,38.86807935349142,-121.33839500101858,37.0,AGRICULTURAL,RURAL,1,-2158823.263415103,288372.05640724645
65_3_1,65,3,33.92149133923955,-117.5724060657881,220.0,RESIDENTIAL,URBAN AND CENTER CITY,1,-1973112.98228371,-325927.7534916259
65_8_1,65,8,33.741055869580485,-115.82077796590276,984.0,DESERT,RURAL,1,-1819889.6982679393,-381955.5542351186
65_9_1,65,9,33.4479035456586,-117.08873498256656,366.093,RESIDENTIAL,SUBURBAN,1,-1941747.688497182,-387375.9560199103
65_10_1,65,10,33.74719347576426,-115.8200721434518,943.0,DESERT,RURAL,1,-1819678.8010411668,-381305.87427521945
65_12_1,65,12,33.92081233529118,-116.85831365143318,677.0,COMMERCIAL,SUBURBAN,1,-1908987.1248541644,-341253.84512795246
65_16_1,65,16,33.582994469969954,-117.0721746411104,453.0,COMMERCIAL,SUBURBAN,1,-1936810.0042033102,-373160.077736716
65_500_1,65,500,33.71978990996538,-116.189800932293,-8.0,COMMERCIAL,RURAL,1,-1853737.3886452254,-376795.6151757353
65_1003_1,65,1003,33.94584180269103,-117.4007241370126,249.0,RESIDENTIAL,URBAN AND CENTER CITY,1,-1957073.473996286,-327018.4617131706
65_1003_3,65,1003,33.946095494405874,-117.40049020765596,249.0,RESIDENTIAL,URBAN AND CENTER CITY,3,-1957045.9228085869,-326996.17898975237
65_1003_5,65,1003,33.946111570502964,-117.40047611514333,249.0,RESIDENTIAL,URBAN AND CENTER CITY,5,-1957044.2425647574,-326994.75121290766
65_1004_1,65,1004,33.93968314696603,-115.41076126588898,326.0,DESERT,RURAL,1,-1778159.8141176656,-368582.1871021733
65_1010_1,65,1010,33.591088075838734,-116.08841765272065,10.0,INDUSTRIAL,RURAL,1,-1847707.8738014232,-392770.9930106941
65_1016_1,65,1016,33.94465801007361,-116.83007597859076,720.0,COMMERCIAL,RURAL,1,-1905848.1545017026,-339274.78134082205
65_1999_1,65,1999,33.56118032657667,-116.15324080458123,10.0,AGRICULTURAL,RURAL,1,-1854301.2519060376,-394683.6858808084
65_2002_1,65,2002,33.70837441106572,-116.21534020846893,0.0,,RURAL,1,-1856322.5225204225,-377507.813833086
65_2002_2,65,2002,33.708659377539725,-116.21545039636192,0.0,,RURAL,2,-1856325.5081648428,-377474.7707941877
65_2002_3,65,2002,33.708613472218936,-116.21519328516698,0.0,,RURAL,3,-1856303.411142571,-377484.9832079063
65_2002_4,65,2002,33.7086592386852,-116.2155137518214,0.0,,RURAL,4,-1856331.2330195846,-377473.4916061332
65_2002_6,65,2002,33.70847364706101,-116.21542756091648,0.0,,RURAL,6,-1856327.985586649,-377495.3064532189
65_2002_7,65,2002,33.708530413302235,-116.2151831767465,0.0,,RURAL,7,-1856304.5283813588,-377494.16466817766
65_2005_1,65,2005,33.571865840602015,-116.06372769363651,-11.0,AGRICULTURAL,SUBURBAN,1,-1845940.4132735273,-395350.9280638885
65_2005_3,65,2005,33.57197966853317,-116.06375092155922,-11.0,AGRICULTURAL,SUBURBAN,3,-1845939.7533002028,-395338.1494642725
65_5001_1,65,5001,33.85290216347184,-116.54090542954617,171.0,RESIDENTIAL,SUBURBAN,1,-1882123.4846495395,-355202.02544411505
65_5001_2,65,5001,33.8527190609417,-116.54108518879711,171.0,RESIDENTIAL,SUBURBAN,2,-1882144.2195193083,-355218.0674593649
65_5001_3,65,5001,33.85286533247095,-116.54105049347949,171.0,RESIDENTIAL,SUBURBAN,3,-1882137.4637218073,-355202.99670548295
65_6001_1,65,6001,33.789366149011144,-117.22776649157909,439.0,COMMERCIAL,URBAN AND CENTER CITY,1,-1945558.4401291073,-347589.18311002554
65_8001_1,65,8001,33.999777487522515,-117.41592671124852,250.0,RESIDENTIAL,SUBURBAN,1,-1957043.2447533638,-320882.9362867459
65_8001_2,65,8001,33.999579991048655,-117.41604060671628,250.0,RESIDENTIAL,SUBURBAN,2,-1957058.5661078969,-320901.749883076
65_8001_3,65,8001,33.99953824114525,-117.41600778456372,250.0,RESIDENTIAL,SUBURBAN,3,-1957056.7019915509,-320906.95237072115
65_8001_4,65,8001,33.99957954801123,-117.41616355315155,250.0,RESIDENTIAL,SUBURBAN,4,-1957069.6039845971,-320899.14981565694
65_8001_9,65,8001,33.99962853093268,-117.4160395905017,250.0,RESIDENTIAL,SUBURBAN,9,-1957057.219867053,-320896.54499088746
65_8005_1,65,8005,33.996331148076294,-117.49246764401953,250.0,RESIDENTIAL,SUBURBAN,1,-1963996.5145408548,-319602.7057500558
65_8005_2,65,8005,33.99647648853307,-117.49260220720436,250.0,RESIDENTIAL,SUBURBAN,2,-1964004.8095966666,-319584.15036077955
65_8005_3,65,8005,33.996557140519144,-117.4924836063962,250.0,RESIDENTIAL,SUBURBAN,3,-1963992.0818864692,-319578.03071001696
65_8005_4,65,8005,33.99638999234115,-117.49225440023827,250.0,RESIDENTIAL,SUBURBAN,4,-1963975.8660005096,-319600.97930932895
65_9001_1,65,9001,33.67634114163534,-117.33089954362143,1440.0,RESIDENTIAL,SUBURBAN,1,-1957749.0990955124,-357553.62515958346
65_9001_3,65,9001,33.676679591653055,-117.33093853209422,1440.0,RESIDENTIAL,SUBURBAN,3,-1957743.8903992304,-357516.3164818634
65_9003_1,65,9003,33.61222296508655,-114.60199856729807,83.8,RESIDENTIAL,SUBURBAN,1,-1712505.9621640518,-419599.674689761
67_2_1,67,2,38.71198763793917,-121.38101403304694,8.0,RESIDENTIAL,SUBURBAN,1,-2167110.5435928735,272819.580074751
67_6_1,67,6,38.61355545374073,-121.36805144017089,8.0,RESIDENTIAL,SUBURBAN,1,-2169027.142904498,262063.73550183378
67_6_2,67,6,38.61388269071416,-121.3679917996743,8.0,RESIDENTIAL,SUBURBAN,2,-2169012.2215831103,262097.04220703465
67_6_3,67,6,38.61383308843564,-121.36808417233198,8.0,RESIDENTIAL,SUBURBAN,3,-2169021.4223763817,262093.98261622014
67_7_1,67,7,38.60968861898783,-121.3809596020687,5.0,COMMERCIAL,SUBURBAN,1,-2170219.6734316493,261961.53299933593
67_10_1,67,10,38.56840268207924,-121.49324204826887,0.0,RESIDENTIAL,URBAN AND CENTER CITY,1,-2180829.886200043,260268.783171327
67_10_2,67,10,38.56835822382153,-121.49310870004305,0.0,RESIDENTIAL,URBAN AND CENTER CITY,2,-2180820.138685264,260260.86647860092
67_10_3,67,10,38.568428392430484,-121.49303633127106,0.0,RESIDENTIAL,URBAN AND CENTER CITY,3,-2180811.9662389453,260266.573922002
67_10_4,67,10,38.56837225830018,-121.49319802003943,0.0,RESIDENTIAL,URBAN AND CENTER CITY,4,-2180827.1491009374,260264.4989192387
67_11_1,67,11,38.30260421394618,-121.42076474733732,6.0,AGRICULTURAL,RURAL,1,-2182895.003423542,230326.8803069498
67_12_1,67,12,38.68337491728954,-121.16452616582707,98.0,RESIDENTIAL,SUBURBAN,1,-2149966.8058098527,264639.68549912795
67_12_2,67,12,38.6834579898902,-121.16450360287067,98.0,RESIDENTIAL,SUBURBAN,2,-2149962.420178899,264647.9739893084
67_12_3,67,12,38.68328230632868,-121.1645168270902,98.0,RESIDENTIAL,SUBURBAN,3,-2149968.823808153,264629.62928295677
67_12_4,67,12,38.68333384545029,-121.16438923598682,98.0,RESIDENTIAL,SUBURBAN,4,-2149956.6472902223,264632.0840937022
67_14_1,67,14,38.65088235997901,-121.50681570597149,3.0,COMMERCIAL,SUBURBAN,1,-2179437.8698421135,269344.4819893853
67_14_3,67,14,38.65078848424845,-121.50670995818183,3.0,COMMERCIAL,SUBURBAN,3,-2179431.9437883175,269331.9870033543
67_15_1,67,15,38.59334353895383,-121.50382878213478,12.8,COMMERCIAL,URBAN AND CENTER CITY,1,-2180948.9381295447,263168.77645265404
67_15_3,67,15,38.59313509267615,-121.5038520550546,12.8,COMMERCIAL,URBAN AND CENTER CITY,3,-2180957.250110579,263147.2217442818
67_284_1,67,284,38.55139351732569,-121.3367808893871,21.0,RESIDENTIAL,URBAN AND CENTER CITY,1,-2168311.9247136973,254719.8033322745
67_4001_2,67,4001,38.556321815628,-121.45845363102555,8.0,COMMERCIAL,URBAN AND CENTER CITY,2,-2178301.0141335144,258152.67701447965
67_4001_3,67,4001,38.55640262761375,-121.4586106364719,8.0,COMMERCIAL,URBAN AND CENTER CITY,3,-2178311.627701435,258165.01478252077
67_5003_1,67,5003,38.49463334348895,-121.21103959557955,58.0,AGRICULTURAL,RURAL,1,-2159545.5800539455,245699.76858322188
67_5003_3,67,5003,38.49454202164177,-121.2109205347914,58.0,AGRICULTURAL,RURAL,3,-2159538.40585646,245687.24228877662
69_2_1,69,2,36.843403054105444,-121.3622493539538,126.0,RESIDENTIAL,RURAL,1,-2222390.1324082366,74027.66100654658
69_2_3,69,2,36.84367902425981,-121.36206883505366,126.0,RESIDENTIAL,RURAL,3,-2222366.3300456,74052.54836869959
69_3_1,69,3,36.48320392719002,-121.1569656694789,317.0,FOREST,RURAL,1,-2215740.458226427,30753.39126110548
69_4_1,69,4,36.841387747068396,-121.53350763769627,63.0,COMMERCIAL,RURAL,1,-2237062.890626786,78015.80585490646
69_4_3,69,4,36.84162303880672,-121.53330686926769,63.0,COMMERCIAL,RURAL,3,-2237038.55967319,78035.8329098548
71_1_1,71,1,34.89404557927079,-117.02471683319062,690.0,COMMERCIAL,URBAN AND CENTER CITY,1,-1899244.0546381252,-232892.5601055327
71_1_2,71,1,34.89391773491161,-117.02481458427594,690.0,COMMERCIAL,URBAN AND CENTER CITY,2,-1899255.9696533724,-232904.28270914737
71_5_1,71,5,34.243145675894944,-117.27248869268928,1384.0,RESIDENTIAL,RURAL,1,-1937926.23523582,-297750.20081729797
71_12_1,71,12,34.425118009355856,-117.58981378121855,4100.0,COMMERCIAL,RURAL,1,-1961552.037386097,-271356.2249862979
71_13_1,71,13,34.41068073006714,-116.90750939872864,1036.0,INDUSTRIAL,RURAL,1,-1901041.4146126197,-287411.4049149098
71_25_1,71,25,34.03704992447588,-117.69081379411578,287.0,INDUSTRIAL,SUBURBAN,1,-1980711.5165824026,-310915.28948913486
71_25_2,71,25,34.03710248260259,-117.6907123997891,287.0,INDUSTRIAL,SUBURBAN,2,-1980701.0581633258,-310911.8444493361
71_26_1,71,26,34.06805873517942,-117.5260129203591,300.0,MOBILE,URBAN AND CENTER CITY,1,-1965140.4672215516,-311156.11375244183
71_27_1,71,27,34.03084464250703,-117.6171951563241,258.0,INDUSTRIAL,SUBURBAN,1,-1974278.409008458,-313185.02380315115
71_27_3,71,27,34.03080060978056,-117.61722556654308,258.0,INDUSTRIAL,SUBURBAN,3,-1974282.2827659154,-313189.1018455439
71_306_1,71,306,34.510859499161185,-117.32548429643413,913.0,RESIDENTIAL,SUBURBAN,1,-1935775.0381182032,-267798.2132295254
71_306_2,71,306,34.51102395340308,-117.32557453493891,913.0,RESIDENTIAL,SUBURBAN,2,-1935778.8464441963,-267778.5897120151
71_1001_1,71,1001,35.10208802800316,-115.77674080920868,1212.0,DESERT,RURAL,1,-1783384.1124301103,-235745.11120728336
71_1004_1,71,1004,34.10374885091531,-117.62911612287529,369.0,RESIDENTIAL,URBAN AND CENTER CITY,1,-1973443.1839698532,-305080.7796942813
71_1004_2,71,1004,34.10364301139495,-117.62911443147381,369.0,RESIDENTIAL,URBAN AND CENTER CITY,2,-1973445.7956133017,-305092.20522145997
71_1004_3,71,1004,34.10359470162042,-117.6290096428821,369.0,RESIDENTIAL,URBAN AND CENTER CITY,3,-1973437.6770685446,-305099.6791780653
71_1234_1,71,1234,35.774029914478,-117.37159262983052,545.0,DESERT,RURAL,1,-1907330.4264845476,-130959.35290766435
71_1234_2,71,1234,35.774111670121734,-117.37154825247038,545.0,DESERT,RURAL,2,-1907324.4336311356,-130951.4966192557
71_2002_1,71,2002,34.100143605625284,-117.49189682441482,381.0,INDUSTRIAL,SUBURBAN,1,-1961251.879894701,-308439.47433507943
71_2002_2,71,2002,34.09997871524234,-117.49209243940214,381.0,INDUSTRIAL,SUBURBAN,2,-1961273.6746324373,-308453.0020207846
71_4001_1,71,4001,34.41644186114113,-117.28583743296423,1006.0,RESIDENTIAL,SUBURBAN,1,-1934667.678248666,-278806.4075007679
71_4001_2,71,4001,34.41637018319749,-117.28594498285821,1006.0,RESIDENTIAL,SUBURBAN,2,-1934679.115372984,-278811.83464718156
71_4003_1,71,4003,34.059825286248056,-117.14735399841105,0.0,RESIDENTIAL,SUBURBAN,1,-1931414.4289039266,-320160.9994784188
71_8001_3,71,8001,34.264582818711304,-116.86124054008077,2056.0,COMMERCIAL,SUBURBAN,3,-1900588.5702786446,-304126.04948775977
71_9002_1,71,9002,34.06954920292498,-116.38880111351352,1243.0,DESERT,RURAL,1,-1863083.913668106,-334949.23225614155
71_9004_1,71,9004,34.10662491473056,-117.27412593386457,0.0,COMMERCIAL,SUBURBAN,1,-1941578.9243170163,-312417.97894951666
71_9004_2,71,9004,34.10672738173292,-117.27415698773218,0.0,COMMERCIAL,SUBURBAN,2,-1941579.0745756913,-312406.2792444807
71_9004_3,71,9004,34.10678025200361,-117.27390146001676,0.0,COMMERCIAL,SUBURBAN,3,-1941554.823536581,-312406.0443117189
71_9011_3,71,9011,34.08550247602615,-117.31323486198278,320.0,RESIDENTIAL,URBAN AND CENTER CITY,3,-1945626.0915604956,-313856.4322544465
73_1_1,73,1,32.63126363016249,-117.05910782586204,53.0,RESIDENTIAL,SUBURBAN,1,-1959868.699597416,-476151.6066530916
73_1_2,73,1,32.631192637049985,-117.05925048681164,53.0,RESIDENTIAL,SUBURBAN,2,-1959883.5472603866,-476156.19759620365
73_1_3,73,1,32.6312481782677,-117.059090739754,53.0,RESIDENTIAL,SUBURBAN,3,-1959867.5318690003,-476153.6440487962
73_3_1,73,3,32.79138129156312,-116.94215715186326,143.0,COMMERCIAL,SUBURBAN,1,-1945120.4488537374,-461370.3963898755
73_3_3,73,3,32.791213658135234,-116.9420259153797,143.0,COMMERCIAL,SUBURBAN,3,-1945112.7241000035,-461391.31147111463
73_6_1,73,6,32.836593469772026,-117.12874129378017,135.0,COMMERCIAL,SUBURBAN,1,-1960982.7900249972,-452478.36948730575
73_6_2,73,6,32.83651089001731,-117.12866674028923,135.0,COMMERCIAL,SUBURBAN,2,-1960978.1065851552,-452488.892703627
73_77_1,73,77,32.6509267368871,-116.36499785795449,1018.15,DESERT,RURAL,1,-1895890.3181578545,-488751.4926968072
73_77_3,73,77,32.65091366655395,-116.36490323799184,1018.15,DESERT,RURAL,3,-1895881.9797403426,-488754.88086609764
73_1001_1,73,1001,32.95235436671492,-117.26386383606155,35.0,RESIDENTIAL,SUBURBAN,1,-1970317.4308845226,-437062.70348958496
73_1002_1,73,1002,33.12770151441388,-117.07499443980001,202.0,COMMERCIAL,URBAN AND CENTER CITY,1,-1948663.676096215,-422214.9418399769
73_1006_1,73,1006,32.842066098436405,-116.76848245678879,627.0,RESIDENTIAL,SUBURBAN,1,-1927998.5741989797,-459596.02564407047
73_1006_2,73,1006,32.84243948496808,-116.76827650172974,627.0,RESIDENTIAL,SUBURBAN,2,-1927970.4047154852,-459560.05125842284
73_1008_1,73,1008,33.21724150504408,-117.39614676239874,16.0,MILITARY RESERVATION,SUBURBAN,1,-1975496.0505672335,-405623.0306185807
73_1008_2,73,1008,33.2170521219084,-117.39610151467268,16.0,MILITARY RESERVATION,SUBURBAN,2,-1975496.848310234,-405644.4311621656
73_1008_3,73,1008,33.21697408756614,-117.3962724386544,16.0,MILITARY RESERVATION,SUBURBAN,3,-1975514.3551712278,-405649.12814091187
73_1010_1,73,1010,32.70155048777191,-117.1496646387236,3.0,COMMERCIAL,URBAN AND CENTER CITY,1,-1966345.1288016161,-466605.28017254954
73_1011_1,73,1011,32.725199939403765,-116.36528136784746,1372.21,DESERT,RURAL,1,-1894084.732898464,-480710.1663571747
73_1011_3,73,1011,32.72541913246821,-116.36518401295706,1372.21,DESERT,RURAL,3,-1894070.4256316235,-480688.48312570294
73_1014_1,73,1014,32.5781882199765,-116.92139731551039,199.0,COMMERCIAL,RURAL,1,-1948624.7701034627,-484846.8375525784
73_1014_2,73,1014,32.57806024732684,-116.92135859038967,199.0,COMMERCIAL,RURAL,2,-1948624.468194008,-484861.4959926592
73_1015_1,73,1015,33.18491116853772,-117.1295509801053,475.0,AGRICULTURAL,RURAL,1,-1952155.4008751945,-414871.0409148238
73_1016_1,73,1016,32.845622154165106,-117.12401235188864,134.0,MILITARY RESERVATION,SUBURBAN,1,-1960321.0959111042,-451605.7607331565
73_1016_2,73,1016,32.845721994065656,-117.12390873896992,134.0,MILITARY RESERVATION,SUBURBAN,2,-1960309.1029800791,-451597.2182383962
73_1017_1,73,1017,32.98566669153455,-117.08214446714936,219.0,COMMERCIAL,SUBURBAN,1,-1952934.2882442353,-437390.4921593972
73_1017_2,73,1017,32.98534493739158,-117.08220522624632,219.0,COMMERCIAL,SUBURBAN,2,-1952948.019878379,-437423.91522078426
73_1018_1,73,1018,32.81811999605954,-116.96823504761059,119.0,COMMERCIAL,SUBURBAN,1,-1946821.0620332686,-457924.0911807074
73_1022_1,73,1022,32.789362595258666,-116.94433179066161,141.0,COMMERCIAL,SUBURBAN,1,-1945370.0033877436,-461541.88457201247
73_1022_2,73,1022,32.789432296686456,-116.94434311921226,141.0,COMMERCIAL,SUBURBAN,2,-1945369.2704079514,-461534.11365139583
73_1022_3,73,1022,32.78942585743111,-116.94448019497214,141.0,COMMERCIAL,SUBURBAN,3,-1945381.9393428569,-461531.8747194104
73_1026_1,73,1026,32.7102655590776,-117.14278063739052,34.0,COMMERCIAL,URBAN AND CENTER CITY,1,-1965493.734677683,-465813.2557701709
73_1026_2,73,1026,32.710370188225134,-117.14251629252831,34.0,COMMERCIAL,URBAN AND CENTER CITY,2,-1965466.9287128972,-465807.67655876593
73_1026_3,73,1026,32.71015437738081,-117.14277219704896,34.0,COMMERCIAL,URBAN AND CENTER CITY,3,-1965495.8086289412,-465825.4424125656
73_1201_1,73,1201,33.362525570630716,-117.0901445729878,109.728,COMMERCIAL,RURAL,1,-1944051.6154269702,-396554.95159483264
73_1201_2,73,1201,33.36249991296156,-117.0901235636462,109.728,COMMERCIAL,RURAL,2,-1944050.367831873,-396558.1687320228
73_2000_1,73,2000,32.73536552300457,-116.34538792983628,50.0,DESERT,RURAL,1,-1892015.1463089855,-480024.84320201183
73_2007_1,73,2007,32.55235102926364,-116.93787484611107,155.0,MOBILE,RURAL,1,-1950787.1177592457,-487285.1458984218
75_5_1,75,5,37.765969508837365,-122.39912629633476,5.0,INDUSTRIAL,URBAN AND CENTER CITY,1,-2281547.569734674,197500.89305515328
75_5_3,75,5,37.76600053111375,-122.39904241596807,5.0,INDUSTRIAL,URBAN AND CENTER CITY,3,-2281539.544323637,197502.06890617462
77_1002_1,77,1002,37.95088203542396,-121.26860745850975,19.0,RESIDENTIAL,URBAN AND CENTER CITY,1,-2180828.0966270836,189341.100439386
77_1002_2,77,1002,37.95055526908594,-121.26841969807526,19.0,RESIDENTIAL,URBAN AND CENTER CITY,2,-2180822.214838078,189301.90171210235
77_1002_3,77,1002,37.95078633403205,-121.26856639295079,19.0,RESIDENTIAL,URBAN AND CENTER CITY,3,-2180827.544661779,189329.9543164481
77_1002_4,77,1002,37.950581448712626,-121.26876451358214,19.0,RESIDENTIAL,URBAN AND CENTER CITY,4,-2180850.4101593844,189312.95623637325
77_1002_5,77,1002,37.95071887015279,-121.26855190460815,19.0,RESIDENTIAL,URBAN AND CENTER CITY,5,-2180828.3712468157,189322.44397886618
77_1003_1,77,1003,37.961383410709885,-121.28148609074096,10.37,RESIDENTIAL,URBAN AND CENTER CITY,1,-2181592.358026138,190765.12793749393
77_1003_2,77,1003,37.9617056988145,-121.28134453235194,10.37,RESIDENTIAL,URBAN AND CENTER CITY,2,-2181570.6870853207,190795.9454859436
77_1003_3,77,1003,37.961368782799774,-121.28141011339063,10.37,RESIDENTIAL,URBAN AND CENTER CITY,3,-2181586.415350403,190761.75099045975
77_2010_1,77,2010,37.79350411623114,-121.24794374448945,11.0,RESIDENTIAL,SUBURBAN,1,-2183856.7604420963,172135.2589454541
77_2010_3,77,2010,37.793587878957425,-121.24792033407547,11.0,RESIDENTIAL,SUBURBAN,3,-2183852.251250448,172143.5902935846
77_3005_1,77,3005,37.68247081083582,-121.44265305124244,30.0,RESIDENTIAL,SUBURBAN,1,-2203645.6007512007,165049.5704812227
77_3005_3,77,3005,37.68260827457388,-121.44246254298768,30.0,RESIDENTIAL,SUBURBAN,3,-2203625.3395442925,165059.5381371965
77_3010_1,77,3010,38.02961601064239,-121.35394209476678,7.0,RESIDENTIAL,SUBURBAN,1,-2185607.190807671,199749.2466043469
79_5_1,79,5,35.61473579779009,-120.65688251837678,100.0,RESIDENTIAL,SUBURBAN,1,-2198514.279621945,-73782.89622365058
79_5_2,79,5,35.61456504326328,-120.65684539352142,100.0,RESIDENTIAL,SUBURBAN,2,-2198516.1100624865,-73801.97984911982
79_2001_1,79,2001,35.123848582166424,-120.63200908251962,5.0,RESIDENTIAL,SUBURBAN,1,-2210883.7582894396,-126679.82316308169
79_2004_1,79,2004,35.02084883233935,-120.56373148568576,49.0,INDUSTRIAL,RURAL,1,-2207947.5331181656,-139316.97863278832
79_2004_3,79,2004,35.02098378762392,-120.5638187483449,49.0,INDUSTRIAL,RURAL,3,-2207951.198969235,-139300.4734093311
79_2006_1,79,2006,35.25640692013186,-120.66925876880855,66.0,COMMERCIAL,URBAN AND CENTER CITY,1,-2210213.852899961,-111650.3450554679
79_2006_2,79,2006,35.25620967735903,-120.66934073077832,66.0,COMMERCIAL,URBAN AND CENTER CITY,2,-2210226.8635143614,-111669.364165688
79_2006_3,79,2006,35.256559571573256,-120.66926076188406,66.0,COMMERCIAL,URBAN AND CENTER CITY,3,-2210209.500683007,-111634.03439175963
79_2007_1,79,2007,35.04686810494359,-120.58789586519195,37.5,INDUSTRIAL,RURAL,1,-2209297.1415368025,-135956.40098117493
79_2007_2,79,2007,35.046699769143785,-120.58793624911907,37.5,INDUSTRIAL,RURAL,2,-2209305.657606272,-135973.3604632713
79_2020_1,79,2020,35.259703360973575,-120.64455156829811,65.5,COMMERCIAL,URBAN AND CENTER CITY,1,-2207957.1542566386,-111899.77215853377
79_3001_1,79,3001,35.36636923044976,-120.84255109567286,55.0,COMMERCIAL,URBAN AND CENTER CITY,1,-2222069.745024113,-95713.54617774094
79_4002_1,79,4002,35.03132996133077,-120.50113552905758,136.0,RESIDENTIAL,RURAL,1,-2202149.396801569,-139718.56666594904
79_4002_2,79,4002,35.031430961675056,-120.50113996903688,136.0,RESIDENTIAL,RURAL,2,-2202146.810555944,-139707.69140608082
79_8001_1,79,8001,35.49153648926491,-120.6680527880475,277.0,COMMERCIAL,SUBURBAN,1,-2203137.5848089326,-86633.6553037408
79_8001_3,79,8001,35.49163746754313,-120.66792346529574,277.0,COMMERCIAL,SUBURBAN,3,-2203123.326548669,-86626.03552424427
79_8002_1,79,8002,35.494486931221225,-120.6662928293534,260.0,COMMERCIAL,SUBURBAN,1,-2202896.8239007355,-86362.07345847806
79_8002_3,79,8002,35.49436453988475,-120.66602808721872,260.0,COMMERCIAL,SUBURBAN,3,-2202877.391677846,-86381.52685959467
79_8005_1,79,8005,35.64360430583764,-120.23133436357264,712.0,AGRICULTURAL,RURAL,1,-2160641.4532442703,-80913.03380856612
79_8006_1,79,8006,35.35468966337916,-120.04025295252512,626.0,AGRICULTURAL,RURAL,1,-2152355.9091213085,-116268.86387407924
79_9001_1,79,9001,35.00884706288835,-120.59995057911769,34.0,AGRICULTURAL,RURAL,1,-2211478.2693833774,-139715.48620927625
81_1001_1,81,1001,37.482907330696165,-122.20335475621005,3.0,INDUSTRIAL,SUBURBAN,1,-2273989.4369908962,162638.36521489295
81_1001_3,81,1001,37.48288328085743,-122.20333147918643,3.0,INDUSTRIAL,SUBURBAN,3,-2273988.2284407914,162635.23671510463
83_8_1,83,8,34.46249037045738,-120.02568379629137,42.0,AGRICULTURAL,RURAL,1,-2176872.884851147,-211880.80615302006
83_8_2,83,8,34.4624402493789,-120.02559353782951,42.0,AGRICULTURAL,RURAL,2,-2176866.34788782,-211888.3227436169
83_8_3,83,8,34.46254062847962,-120.02557520850692,42.0,AGRICULTURAL,RURAL,3,-2176861.822926869,-211878.0382493646
83_11_1,83,11,34.4277014609568,-119.69117390722276,20.0,RESIDENTIAL,URBAN AND CENTER CITY,1,-2148251.5460311477,-223559.71348709153
83_11_2,83,11,34.42763216616985,-119.69115403793523,20.0,RESIDENTIAL,URBAN AND CENTER CITY,2,-2148251.7622597227,-223567.59363943286
83_11_3,83,11,34.42782306182305,-119.69111888250397,20.0,RESIDENTIAL,URBAN AND CENTER CITY,3,-2148243.200935247,-223548.01015954794
83_1008_1,83,1008,34.94311761930284,-120.43569687469157,76.0,COMMERCIAL,URBAN AND CENTER CITY,1,-2199002.6339774756,-150708.90981029897
83_1008_2,83,1008,34.942950194197785,-120.43560082957298,76.0,COMMERCIAL,URBAN AND CENTER CITY,2,-2198999.12019483,-150729.0883634998
83_1008_3,83,1008,34.94276514165874,-120.43557219385191,76.0,COMMERCIAL,URBAN AND CENTER CITY,3,-2199002.0437687156,-150749.515541192
83_1013_1,83,1013,34.725190766937196,-120.42860447908274,220.0,AGRICULTURAL,RURAL,1,-2204783.0155871706,-174123.73058989763
83_1014_1,83,1014,34.541713640545915,-119.79141865714317,371.0,FOREST,RURAL,1,-2153867.3929358097,-208996.908039423
83_1018_1,83,1018,34.527417583044276,-120.19643760181154,303.0,AGRICULTURAL,RURAL,1,-2190087.4563369853,-200843.8286490475
83_1020_1,83,1020,34.41495431831717,-119.87937337048677,9.0,AGRICULTURAL,RURAL,1,-2165290.448167481,-220455.8824984882
83_1020_2,83,1020,34.414967840490256,-119.87939304253449,9.0,AGRICULTURAL,RURAL,2,-2165291.801930445,-220453.9684721679
83_1021_1,83,1021,34.402971252515776,-119.45795531001413,137.0,AGRICULTURAL,RURAL,1,-2128276.907691593,-231692.95632221826
83_1022_1,83,1022,34.718846832350934,-120.43259005123566,173.0,AGRICULTURAL,RURAL,1,-2205320.4730635495,-174703.71964635397
83_1025_1,83,1025,34.48974542079448,-120.0470000091862,184.0,AGRICULTURAL,RURAL,1,-2177970.068309858,-208458.51641552546
83_1025_3,83,1025,34.4897258044863,-120.04716949591243,184.0,AGRICULTURAL,RURAL,3,-2177985.6267768056,-208456.54975154335
83_1033_1,83,1033,34.388304286798395,-119.50635490284633,15.0,INDUSTRIAL,SUBURBAN,1,-2132985.0602102107,-232127.69851531775
83_1037_1,83,1037,34.464437670553394,-120.04514106163221,10.0,AGRICULTURAL,RURAL,1,-2178538.1495225425,-211206.50747796762
83_2004_1,83,2004,34.63790353081048,-120.45742972101718,41.0,COMMERCIAL,URBAN AND CENTER CITY,1,-2209889.6164818224,-182734.44668259445
83_2004_2,83,2004,34.63777989326551,-120.4574913422469,41.0,COMMERCIAL,URBAN AND CENTER CITY,2,-2209898.687016531,-182746.13659429594
83_2011_1,83,2011,34.445506637072,-119.82841019657023,14.0,RESIDENTIAL,SUBURBAN,1,-2159899.25725414,-218402.97337171854
83_3001_1,83,3001,34.60585679855942,-120.07522321205863,210.0,AGRICULTURAL,RURAL,1,-2177101.7112302817,-195380.53671969808
83_4003_1,83,4003,34.59603097521494,-120.63134595904027,104.0,AGRICULTURAL,RURAL,1,-2226459.343909857,-182954.7476204485
83_4003_3,83,4003,34.59599320183839,-120.63123835593227,104.0,AGRICULTURAL,RURAL,3,-2226450.9760372625,-182961.41129427447
85_2_1,85,2,36.99973611651759,-121.57466407521189,63.0,RESIDENTIAL,SUBURBAN,1,-2235715.817294097,95830.98191450887
85_2_3,85,2,36.99961182659788,-121.57472068260927,63.0,RESIDENTIAL,SUBURBAN,3,-2235724.4469400053,95819.1875594812
85_5_1,85,5,37.34833838644085,-121.89509008172902,31.0,COMMERCIAL,URBAN AND CENTER CITY,1,-2252147.3669963153,140707.97064601353
85_5_2,85,5,37.348545984881085,-121.89495527222003,31.0,COMMERCIAL,URBAN AND CENTER CITY,2,-2252129.5169623783,140726.6299545638
85_5_3,85,5,37.34863408966271,-121.89478946526516,31.0,COMMERCIAL,URBAN AND CENTER CITY,3,-2252112.7538662986,140731.85771426893
85_6_1,85,6,37.33806529905929,-121.8497674638723,30.9,MOBILE,URBAN AND CENTER CITY,1,-2248630.927736014,138496.83530725597
85_6_3,85,6,37.3381065101212,-121.8498706678481,30.9,MOBILE,URBAN AND CENTER CITY,3,-2248638.384680397,138503.75704384173
85_1001_1,85,1001,37.22693120587539,-121.97950071207855,116.0,RESIDENTIAL,URBAN AND CENTER CITY,1,-2263068.84841291,129940.31513721244
85_2006_1,85,2006,37.07957997016777,-121.6000633748293,86.0,RESIDENTIAL,RURAL,1,-2235425.7683388437,104926.68119101628
85_2009_1,85,2009,37.318661020377604,-122.06973661544737,124.0,RESIDENTIAL,SUBURBAN,1,-2267846.5113891875,141907.15308289812
87_3_2,87,3,37.01180192947447,-122.19429777418054,0.0,RESIDENTIAL,RURAL,2,-2288014.789867406,112532.69056527328
87_7_1,87,7,36.98323332448572,-121.98812463996457,28.0,COMMERCIAL,SUBURBAN,1,-2271391.774753637,104334.47356893684
87_7_3,87,7,36.98326135124283,-121.98832654350325,28.0,COMMERCIAL,SUBURBAN,3,-2271408.06442043,104342.4898413675
87_1003_1,87,1003,37.07208996584581,-122.00767242033348,226.0,RESIDENTIAL,SUBURBAN,1,-2270282.9872572934,114237.63462067975
87_1004_1,87,1004,37.04808982025588,-122.07575594493919,88.0,RESIDENTIAL,SUBURBAN,1,-2276812.5736553865,113398.48753986855
87_1004_3,87,1004,37.04813278098453,-122.07553202410737,88.0,RESIDENTIAL,SUBURBAN,3,-2276792.2186798654,113397.42797891522
87_1005_1,87,1005,37.06310589891464,-122.08314167804485,108.0,RESIDENTIAL,RURAL,1,-2276970.1650141226,115174.10817750897
87_1005_3,87,1005,37.063250119815656,-122.08317315144821,108.0,RESIDENTIAL,RURAL,3,-2276968.32747945,115190.17304950207
89_4_1,89,4,40.55011353494789,-122.38084084882601,149.0,COMMERCIAL,SUBURBAN,1,-2192011.731125866,491612.4895787521
89_4_2,89,4,40.550180383115986,-122.38094478798003,149.0,COMMERCIAL,SUBURBAN,2,-2192018.0096431472,491622.07278600434
89_4_3,89,4,40.54993219079153,-122.38079470138868,149.0,COMMERCIAL,SUBURBAN,3,-2192013.7395464177,491592.18070492614
89_7_1,89,7,40.45285849108302,-122.29877121179365,498.0,INDUSTRIAL,SUBURBAN,1,-2188450.2860852736,479338.6907570881
89_8_1,89,8,40.6768698814217,-122.37435007823716,246.0,RESIDENTIAL,SUBURBAN,1,-2187480.0890294523,504874.24417906813
89_9_1,89,9,40.689208395161906,-122.40236949346848,246.0,COMMERCIAL,RURAL,1,-2189347.769772176,506855.14462901466
89_3003_1,89,3003,40.53989468697287,-121.57640508033019,1755.0,FOREST,RURAL,1,-2127287.153696014,471411.597140593
93_2001_1,93,2001,41.72695018294646,-122.63341414062259,802.0,COMMERCIAL,SUBURBAN,1,-2174819.9302312713,622255.016618465
93_2001_2,93,2001,41.726816188254155,-122.6335001345217,802.0,COMMERCIAL,SUBURBAN,2,-2174831.0307861753,622242.889351173
93_2001_3,93,2001,41.72683310545414,-122.63347903514797,802.0,COMMERCIAL,SUBURBAN,3,-2174828.817023105,622244.1753265735
95_4_1,95,4,38.10251047508122,-122.23807599707497,6.0,COMMERCIAL,URBAN AND CENTER CITY,1,-2257438.791215755,229089.30618130867
95_4_3,95,4,38.10272232121693,-122.23801769296321,6.0,COMMERCIAL,URBAN AND CENTER CITY,3,-2257427.2552687824,229110.27925737778
95_4_4,95,4,38.102522109353636,-122.23799429128528,6.0,COMMERCIAL,URBAN AND CENTER CITY,4,-2257431.592204887,229088.50785058353
95_5_1,95,5,38.22713319526998,-122.07557790018981,10.0,AGRICULTURAL,RURAL,1,-2239950.8964319145,238261.52345176312
95_3001_2,95,3001,38.35143493764967,-121.99411310909518,59.0,COMMERCIAL,URBAN AND CENTER CITY,2,-2229272.821806609,249422.63752785762
95_3003_1,95,3003,38.35659463749361,-121.9498230099696,55.0,COMMERCIAL,SUBURBAN,1,-2225417.904071542,248883.6310569223
97_1_2,97,1,38.80451662517186,-123.0182117284751,91.0,COMMERCIAL,URBAN AND CENTER CITY,2,-2299893.8793844194,322854.2496975683
97_2_2,97,2,38.611019201628096,-122.86896355407977,30.0,COMMERCIAL,URBAN AND CENTER CITY,2,-2293787.685885158,298650.8296643246
97_3_1,97,3,38.44332333574129,-122.71019167169857,51.0,COMMERCIAL,URBAN AND CENTER CITY,1,-2285991.110751218,276934.1539957871
97_3_3,97,3,38.443423880431375,-122.71013308975101,51.0,COMMERCIAL,URBAN AND CENTER CITY,3,-2285983.026243909,276943.3049759325
97_4_1,97,4,38.40378600111684,-122.81832174534605,78.0,COMMERCIAL,URBAN AND CENTER CITY,1,-2296245.3562318822,275483.1378836169
97_4_3,97,4,38.403775947530924,-122.81828268199743,78.0,COMMERCIAL,URBAN AND CENTER CITY,3,-2296242.4320431403,275481.0888264064
97_1003_1,97,1003,38.654149600579686,-122.90183117849212,84.0,COMMERCIAL,RURAL,1,-2295122.010485941,304035.65629852045
97_3002_1,97,3002,38.50112867226651,-122.99816111702602,12.0,MOBILE,URBAN AND CENTER CITY,1,-2308043.299139903,290318.5448061459
99_5_1,99,5,37.64219892180234,-120.99412462490115,27.0,COMMERCIAL,URBAN AND CENTER CITY,1,-2166998.933257732,149986.80792472608
99_5_2,99,5,37.64195152963032,-120.99426101363703,27.0,COMMERCIAL,URBAN AND CENTER CITY,2,-2167017.8773875805,149963.77037147048
99_5_3,99,5,37.642159914864294,-120.99426235934175,27.0,COMMERCIAL,URBAN AND CENTER CITY,3,-2167011.7419812884,149985.94717664152
99_5_7,99,5,37.64212182995763,-120.99418073936444,27.0,COMMERCIAL,URBAN AND CENTER CITY,7,-2167005.986945235,149979.9536308393
99_6_1,99,6,37.48835860966833,-120.83592817718487,56.0,RESIDENTIAL,SUBURBAN,1,-2158212.600972482,129869.37605691914
99_6_3,99,6,37.488240649092816,-120.83614407466558,56.0,RESIDENTIAL,SUBURBAN,3,-2158234.4085239423,129861.96138897272
101_3_1,101,3,39.1388257594806,-121.61841730346215,20.0,COMMERCIAL,SUBURBAN,1,-2173733.29058203,323773.0996118793
101_3_2,101,3,39.13876932031234,-121.61833530261646,20.0,COMMERCIAL,SUBURBAN,2,-2173728.2516444223,323765.1525580035
101_3_3,101,3,39.13891121913248,-121.61839411001475,20.0,COMMERCIAL,SUBURBAN,3,-2173728.750069381,323781.60811665165
101_3_4,101,3,39.13883678409711,-121.61854194761224,20.0,COMMERCIAL,SUBURBAN,4,-2173743.24638661,323777.25034003065
101_4_1,101,4,39.20566024935204,-121.82037698833909,640.0,AGRICULTURAL,RURAL,1,-2188339.2538572503,335706.06086804054
101_4_2,101,4,39.20542023024831,-121.82043476132401,640.0,AGRICULTURAL,RURAL,2,-2188351.446801,335682.0133445477
101_4_3,101,4,39.205688883770904,-121.82036203713895,640.0,AGRICULTURAL,RURAL,3,-2188337.134707177,335708.7356875189
103_2_2,103,2,40.216936835158236,-122.22357771174602,98.0,INDUSTRIAL,SUBURBAN,2,-2189784.2373206154,452547.7603344253
103_4_1,103,4,40.26231935957856,-122.09269145153114,568.0,FOREST,RURAL,1,-2177737.8539352817,454208.98208564305
103_4_2,103,4,40.26216868575947,-122.09251913714476,568.0,FOREST,RURAL,2,-2177728.582973747,454188.89111661434
103_5_1,103,5,40.17581026836713,-122.23680050047338,98.0,MOBILE,URBAN AND CENTER CITY,1,-2192150.9155770913,448511.935219781
103_7_1,103,7,40.17105597257059,-122.25541681048338,100.0,RESIDENTIAL,SUBURBAN,1,-2193812.464204484,448457.81615644234
103_7_3,103,7,40.17077353927801,-122.25552079426457,100.0,RESIDENTIAL,SUBURBAN,3,-2193829.797708343,448430.42429172026
105_2_1,105,2,40.73470675663336,-122.94114882805283,600.0,RESIDENTIAL,URBAN AND CENTER CITY,1,-2231253.096017497,524771.7432109979
107_6_1,107,6,36.56610785692319,-118.77781778633278,1890.0,FOREST,RURAL,1,-2008566.062478832,-15704.839143146915
107_9_1,107,9,36.48940170894665,-118.82917104510541,510.0,FOREST,RURAL,1,-2015105.3326755592,-22776.377462150638
107_2002_1,107,2002,36.33220675248141,-119.29124193953513,97.0,COMMERCIAL,URBAN AND CENTER CITY,1,-2059406.5155857292,-29228.112369667964
107_2002_2,107,2002,36.33209076196853,-119.29114082961118,97.0,COMMERCIAL,URBAN AND CENTER CITY,2,-2059401.0207959916,-29242.80030525282
107_2002_3,107,2002,36.332121141940995,-119.2912559050953,97.0,COMMERCIAL,URBAN AND CENTER CITY,3,-2059410.121082213,-29236.94556297599
107_2002_5,107,2002,36.33217403279368,-119.29135461304797,97.0,COMMERCIAL,URBAN AND CENTER CITY,5,-2059417.1754734004,-29229.055871990895
107_2003_1,107,2003,36.308161677649295,-119.31296691817914,98.0,COMMERCIAL,URBAN AND CENTER CITY,1,-2061959.2127024923,-31305.24473334942
107_2003_2,107,2003,36.308108466908386,-119.31299756326952,98.0,COMMERCIAL,URBAN AND CENTER CITY,2,-2061963.3551780405,-31310.236053455585
107_2003_3,107,2003,36.30800844618026,-119.31291603822966,98.0,COMMERCIAL,URBAN AND CENTER CITY,3,-2061959.1074442635,-31322.775163498973
107_2003_5,107,2003,36.308125041167855,-119.31282288705981,98.0,COMMERCIAL,URBAN AND CENTER CITY,5,-2061947.7813771511,-31312.428197072048
107_2010_1,107,2010,36.031767242384035,-119.05526669535253,136.25,AGRICULTURAL,RURAL,1,-2047325.90736796,-66684.03780904775
107_3000_1,107,3000,36.31412895880315,-119.3930277101413,90.0,AGRICULTURAL,RURAL,1,-2068715.6574565212,-28848.0139004074
109_5_1,109,5,37.98169650716567,-120.37851495677627,571.0,RESIDENTIAL,URBAN AND CENTER CITY,1,-2104992.8590452946,171627.71750279175
109_5_2,109,5,37.98187551612941,-120.37864937646025,571.0,RESIDENTIAL,URBAN AND CENTER CITY,2,-2104998.9470906686,171649.8886889661
111_7_1,111,7,34.210210494889026,-118.87040258428816,244.0,RESIDENTIAL,SUBURBAN,1,-2081428.7195472177,-265950.8024598921
111_7_3,111,7,34.21010182758137,-118.8704783173976,244.0,RESIDENTIAL,SUBURBAN,3,-2081438.4617723254,-265960.7194667184
111_8_1,111,8,34.291290786795514,-118.79777263255559,288.0,DESERT,RURAL,1,-2072729.8927599785,-258916.75514227815
111_9_1,111,9,34.40427979741456,-118.80992890930749,190.0,AGRICULTURAL,RURAL,1,-2070705.360392443,-246524.39661076802
111_9_3,111,9,34.40421292186595,-118.80996582328498,190.0,AGRICULTURAL,RURAL,3,-2070710.4793146,-246530.72556587198
111_1004_1,111,1004,34.44805616202828,-119.23119724445675,262.0,RESIDENTIAL,SUBURBAN,1,-2106894.3452261887,-232150.66214343708
111_1004_3,111,1004,34.447976726112564,-119.23112453968727,262.0,RESIDENTIAL,SUBURBAN,3,-2106890.1188689778,-232160.85388484236
111_2002_1,111,2002,34.27641237083921,-118.68371926728261,314.0,RESIDENTIAL,SUBURBAN,1,-2062984.0834374183,-263107.80628348334
111_2002_2,111,2002,34.27622285314342,-118.68349561750026,314.0,RESIDENTIAL,SUBURBAN,2,-2062969.3503607318,-263133.2131367111
111_2002_3,111,2002,34.27628888867452,-118.68392980609597,314.0,RESIDENTIAL,SUBURBAN,3,-2063006.2085444287,-263116.2726917124
111_2002_4,111,2002,34.276106791774595,-118.68368373506406,314.0,RESIDENTIAL,SUBURBAN,4,-2062989.2759656615,-263141.39255643875
111_3001_1,111,3001,34.25257643556274,-119.14314997985021,43.0,RESIDENTIAL,RURAL,1,-2104534.0615422917,-255128.24070632347
111_3001_3,111,3001,34.25232053337801,-119.14315528549632,43.0,RESIDENTIAL,RURAL,3,-2104541.670578375,-255155.53368925248
113_4_1,113,4,38.534386470880484,-121.77339963537658,0.0,AGRICULTURAL,RURAL,1,-2205204.574134994,263422.5221395681
113_4_2,113,4,38.53445711232488,-121.77345455505538,0.0,AGRICULTURAL,RURAL,2,-2205206.964003806,263431.3424814148
113_1003_1,113,1003,38.66118101171629,-121.73264460308884,11.0,RESIDENTIAL,SUBURBAN,1,-2197900.0422597737,275875.6341730364
113_1003_3,113,1003,38.66127795453279,-121.73277661784165,11.0,RESIDENTIAL,SUBURBAN,3,-2197908.02458036,275889.10392409144
113_2001_1,113,2001,38.571662409648155,-121.52579889787728,13.0,INDUSTRIAL,URBAN AND CENTER CITY,1,-2183441.6210153806,261396.3676047835
